karl     = Karl Schulz     <karl@ices.utexas.edu>
nick     = Nicholas Malaya <nick@ices.utexas.edu>
oliver   = Todd A. Oliver  <oliver@ices.utexas.edu>
rhys     = Rhys Ulerich    <rhys@ices.utexas.edu>
rmoser   = Robert D. Moser <rmoser@ices.utexas.edu>
roystgnr = Roy Stogner     <roystgnr@ices.utexas.edu>
topalian = Victor Topalian <topalian@ices.utexas.edu>
